{"name":"d696eb73-15dd-4bef-b0d1-3a7f2d1a9725","id":"/providers/Microsoft.Flow/flows/d696eb73-15dd-4bef-b0d1-3a7f2d1a9725","type":"Microsoft.Flow/flows","properties":{"apiId":"/providers/Microsoft.PowerApps/apis/shared_logicflows","displayName":"Power BI - AssignedLicense","definition":{"metadata":{"workflowEntityId":null,"processAdvisorMetadata":null,"flowclientsuspensionreason":"None","flowclientsuspensiontime":null,"creator":{"id":"b525e4e5-cc91-48e8-9150-ac27396a3573","type":"User","tenantId":"654273de-84ba-4bfe-aa09-b82c920e05e8"},"provisioningMethod":"FromDefinition","failureAlertSubscription":true,"clientLastModifiedTime":"2021-10-11T13:47:54.6167427Z"},"$schema":"https://schema.management.azure.com/providers/Microsoft.Logic/schemas/2016-06-01/workflowdefinition.json#","contentVersion":"1.0.0.0","parameters":{"$connections":{"defaultValue":{},"type":"Object"},"$authentication":{"defaultValue":{},"type":"SecureObject"}},"triggers":{"Recurrence":{"recurrence":{"frequency":"Day","interval":1,"timeZone":"Eastern Standard Time","startTime":"2021-05-19T05:00:00.000Z","schedule":{"hours":["5"],"minutes":[0]}},"type":"Recurrence"}},"actions":{"HTTP":{"runAfter":{},"type":"Http","inputs":{"method":"GET","uri":"https://graph.microsoft.com/v1.0/users?$select=userPrincipalName,assignedLicenses,userType","authentication":{"type":"ActiveDirectoryOAuth","tenant":"tenantid","audience":"https://graph.microsoft.com","clientId":"clientid","secret":"secret"},"retryPolicy":{"type":"none"}}},"Apply_to_each":{"foreach":"@body('Parse_JSON')?['value']","actions":{"Apply_to_each_2":{"foreach":"@items('Apply_to_each')['assignedLicenses']","actions":{"Set_variable_-_SKUID":{"runAfter":{},"type":"SetVariable","inputs":{"name":"Skuid","value":"@items('Apply_to_each_2')?['skuId']"}},"Set_variable_-_UserType":{"runAfter":{"Set_variable_-_SKUID":["Succeeded"]},"type":"SetVariable","inputs":{"name":"userType","value":"@items('Apply_to_each')?['userType']"}},"Set_variable_-_UPN":{"runAfter":{"Set_variable_-_UserType":["Succeeded"]},"type":"SetVariable","inputs":{"name":"UPN","value":"@items('Apply_to_each')?['userPrincipalName']"}},"Send_Data":{"runAfter":{"Set_variable_-_UPN":["Succeeded"]},"type":"OpenApiConnection","inputs":{"host":{"apiId":"/providers/Microsoft.PowerApps/apis/shared_azureloganalyticsdatacollector","connectionName":"shared_azureloganalyticsdatacollector","operationId":"SendData"},"parameters":{"body":"{\n     \"UPN\":\"@{variables('UPN')}\",\n     \"userType\":\"@{variables('userType')}\",\n     \"skuid\":\"@{variables('Skuid')}\"\n}","Log-Type":"AssignedLicense"},"authentication":"@parameters('$authentication')"}}},"runAfter":{},"type":"Foreach"}},"runAfter":{"Parse_JSON":["Succeeded"]},"type":"Foreach"},"Initialize_variable_-_SkuID":{"runAfter":{"HTTP":["Succeeded"]},"type":"InitializeVariable","inputs":{"variables":[{"name":"Skuid","type":"string"}]}},"Initialize_variable_-_UPN":{"runAfter":{"Initialize_variable_-_SkuID":["Succeeded"]},"type":"InitializeVariable","inputs":{"variables":[{"name":"UPN","type":"string"}]}},"Initialize_variable_-_UserType":{"runAfter":{"Initialize_variable_-_UPN":["Succeeded"]},"type":"InitializeVariable","inputs":{"variables":[{"name":"userType","type":"string"}]}},"Parse_JSON":{"runAfter":{"Initialize_variable_-_UserType":["Succeeded"]},"type":"ParseJson","inputs":{"content":"@body('HTTP')","schema":{"type":"object","properties":{"@@odata.context":{"type":["string","null"]},"value":{"type":"array","items":{"type":"object","properties":{"userPrincipalName":{"type":["string","null"]},"userType":{"type":["string","null"]},"assignedLicenses":{"type":"array","items":{"type":"object","properties":{"disabledPlans":{"type":"array"},"skuId":{"type":["string","null"]}},"required":["disabledPlans","skuId"]}}},"required":["userPrincipalName","userType","assignedLicenses"]}}}}}}}},"connectionReferences":{"shared_azureloganalyticsdatacollector":{"connectionName":"shared-azureloganaly-11273a60-c2de-4d1d-a3fb-c1cf-d703363e","source":"Embedded","id":"/providers/Microsoft.PowerApps/apis/shared_azureloganalyticsdatacollector","tier":"NotSpecified"}},"flowFailureAlertSubscribed":false}}