{"name":"ccae884a-0421-47fa-be69-45f61c67a772","id":"/providers/Microsoft.Flow/flows/ccae884a-0421-47fa-be69-45f61c67a772","type":"Microsoft.Flow/flows","properties":{"apiId":"/providers/Microsoft.PowerApps/apis/shared_logicflows","displayName":"Power BI - License Report","definition":{"metadata":{"workflowEntityId":null,"processAdvisorMetadata":null,"flowclientsuspensionreason":"None","flowclientsuspensiontime":null,"creator":{"id":"b525e4e5-cc91-48e8-9150-ac27396a3573","type":"User","tenantId":"654273de-84ba-4bfe-aa09-b82c920e05e8"},"provisioningMethod":"FromDefinition","failureAlertSubscription":true,"clientLastModifiedTime":"2021-10-11T13:46:05.8095174Z"},"$schema":"https://schema.management.azure.com/providers/Microsoft.Logic/schemas/2016-06-01/workflowdefinition.json#","contentVersion":"1.0.0.0","parameters":{"$connections":{"defaultValue":{},"type":"Object"},"$authentication":{"defaultValue":{},"type":"SecureObject"}},"triggers":{"Recurrence":{"recurrence":{"frequency":"Day","interval":1,"timeZone":"Eastern Standard Time","startTime":"2021-05-19T14:00:00.000Z","schedule":{"hours":["5"]}},"type":"Recurrence"}},"actions":{"HTTP":{"runAfter":{},"type":"Http","inputs":{"method":"GET","uri":"https://graph.microsoft.com/v1.0/subscribedSkus","authentication":{"type":"ActiveDirectoryOAuth","tenant":"tenantID","audience":"https://graph.microsoft.com","clientId":"clientID","secret":"secret"},"retryPolicy":{"type":"none"}}},"Parse_JSON":{"runAfter":{"HTTP":["Succeeded"]},"type":"ParseJson","inputs":{"content":"@body('HTTP')","schema":{"type":"object","properties":{"@@odata.context":{"type":"string"},"value":{"type":"array","items":{"type":"object","properties":{"capabilityStatus":{"type":"string"},"consumedUnits":{"type":"integer"},"id":{"type":"string"},"prepaidUnits":{"type":"object","properties":{"enabled":{"type":"integer"},"suspended":{"type":"integer"},"warning":{"type":"integer"}}},"servicePlans":{"type":"array","items":{"type":"object","properties":{"servicePlanId":{"type":"string"},"servicePlanName":{"type":"string"},"provisioningStatus":{"type":"string"},"appliesTo":{"type":"string"}},"required":["servicePlanId","servicePlanName","provisioningStatus","appliesTo"]}},"skuId":{"type":"string"},"skuPartNumber":{"type":"string"},"appliesTo":{"type":"string"}},"required":["capabilityStatus","consumedUnits","id","prepaidUnits","servicePlans","skuId","skuPartNumber","appliesTo"]}}}}}},"Initialize_variable_-_capabilityStatus":{"runAfter":{"Parse_JSON":["Succeeded"]},"type":"InitializeVariable","inputs":{"variables":[{"name":"capabilityStatus","type":"string"}]}},"Initialize_variable_-_consumedUnits":{"runAfter":{"Initialize_variable_-_capabilityStatus":["Succeeded"]},"type":"InitializeVariable","inputs":{"variables":[{"name":"consumedUnits","type":"integer"}]}},"Initialize_variable_-_skuPartNumber":{"runAfter":{"Initialize_variable_-_consumedUnits":["Succeeded"]},"type":"InitializeVariable","inputs":{"variables":[{"name":"skuPartNumber","type":"string"}]}},"Initialize_variable_-_enabled":{"runAfter":{"Initialize_variable_-_skuPartNumber":["Succeeded"]},"type":"InitializeVariable","inputs":{"variables":[{"name":"enabled","type":"integer"}]}},"Initialize_variable_-_suspended":{"runAfter":{"Initialize_variable_-_enabled":["Succeeded"]},"type":"InitializeVariable","inputs":{"variables":[{"name":"suspended","type":"integer"}]}},"Initialize_variable_-_warning":{"runAfter":{"Initialize_variable_-_suspended":["Succeeded"]},"type":"InitializeVariable","inputs":{"variables":[{"name":"warning","type":"integer"}]}},"Apply_to_each":{"foreach":"@body('Parse_JSON')?['value']","actions":{"Set_variable_-_capabilityStatus":{"runAfter":{},"type":"SetVariable","inputs":{"name":"capabilityStatus","value":"@items('Apply_to_each')?['capabilityStatus']"}},"Set_variable_-_consumedUnits":{"runAfter":{"Set_variable_-_capabilityStatus":["Succeeded"]},"type":"SetVariable","inputs":{"name":"consumedUnits","value":"@items('Apply_to_each')?['consumedUnits']"}},"Set_variable_-_skuPartNumber":{"runAfter":{"Set_variable_-_consumedUnits":["Succeeded"]},"type":"SetVariable","inputs":{"name":"skuPartNumber","value":"@items('Apply_to_each')?['skuPartNumber']"}},"Set_variable_-_suspended":{"runAfter":{"Set_variable_-_Enabled":["Succeeded"]},"type":"SetVariable","inputs":{"name":"suspended","value":"@items('Apply_to_each')?['prepaidUnits']?['suspended']"}},"Set_variable_-_Enabled":{"runAfter":{"Set_variable":["Succeeded"]},"type":"SetVariable","inputs":{"name":"enabled","value":"@items('Apply_to_each')?['prepaidUnits']?['enabled']"}},"Set_variable_-_warning":{"runAfter":{"Set_variable_-_suspended":["Succeeded"]},"type":"SetVariable","inputs":{"name":"warning","value":"@items('Apply_to_each')?['prepaidUnits']?['warning']"}},"Send_Data":{"runAfter":{"Set_variable_-_warning":["Succeeded"]},"type":"OpenApiConnection","inputs":{"host":{"apiId":"/providers/Microsoft.PowerApps/apis/shared_azureloganalyticsdatacollector","connectionName":"shared_azureloganalyticsdatacollector","operationId":"SendData"},"parameters":{"body":"{\n     \"capabilityStatus\" : \"@{variables('capabilityStatus')}\",\n     \"consumedUnits\" : \"@{variables('consumedUnits')}\",\n     \"skuPartNumber\" : \"@{variables('skuPartNumber')}\",\n     \"skuID\" : \"@{variables('skuid')}\",\n     \"enabled\" : \"@{variables('enabled')}\",\n     \"suspended\" : \"@{variables('suspended')}\",\n     \"warning\" : \"@{variables('warning')}\"\n}","Log-Type":"LicenseData"},"authentication":"@parameters('$authentication')"}},"Set_variable":{"runAfter":{"Set_variable_-_skuPartNumber":["Succeeded"]},"type":"SetVariable","inputs":{"name":"skuid","value":"@items('Apply_to_each')?['skuId']"}}},"runAfter":{"Initialize_variable_-_skuid":["Succeeded"]},"type":"Foreach"},"Initialize_variable_-_skuid":{"runAfter":{"Initialize_variable_-_warning":["Succeeded"]},"type":"InitializeVariable","inputs":{"variables":[{"name":"skuid","type":"string"}]}}}},"connectionReferences":{"shared_azureloganalyticsdatacollector":{"connectionName":"shared-azureloganaly-11273a60-c2de-4d1d-a3fb-c1cf-d703363e","source":"Embedded","id":"/providers/Microsoft.PowerApps/apis/shared_azureloganalyticsdatacollector","tier":"NotSpecified"}},"flowFailureAlertSubscribed":false}}