{"name":"21b32561-47c3-4741-9493-dfe275d7a629","id":"/providers/Microsoft.Flow/flows/21b32561-47c3-4741-9493-dfe275d7a629","type":"Microsoft.Flow/flows","properties":{"apiId":"/providers/Microsoft.PowerApps/apis/shared_logicflows","displayName":"Power BI - assignedPlans","definition":{"metadata":{"workflowEntityId":null,"processAdvisorMetadata":null,"flowclientsuspensionreason":"None","flowclientsuspensiontime":null,"creator":{"id":"b525e4e5-cc91-48e8-9150-ac27396a3573","type":"User","tenantId":"654273de-84ba-4bfe-aa09-b82c920e05e8"},"provisioningMethod":"FromDefinition","failureAlertSubscription":true,"clientLastModifiedTime":"2021-10-09T11:51:13.7617365Z"},"$schema":"https://schema.management.azure.com/providers/Microsoft.Logic/schemas/2016-06-01/workflowdefinition.json#","contentVersion":"1.0.0.0","parameters":{"$connections":{"defaultValue":{},"type":"Object"},"$authentication":{"defaultValue":{},"type":"SecureObject"}},"triggers":{"Recurrence":{"recurrence":{"frequency":"Day","interval":1,"timeZone":"Eastern Standard Time","startTime":"2021-05-19T14:00:00.000Z","schedule":{"hours":["5"]}},"type":"Recurrence"}},"actions":{"HTTP":{"runAfter":{},"type":"Http","inputs":{"method":"GET","uri":"https://graph.microsoft.com/v1.0/users?$select=userprincipalname,assignedPlans","authentication":{"type":"ActiveDirectoryOAuth","tenant":"654273de-84ba-4bfe-aa09-b82c920e05e8","audience":"https://graph.microsoft.com","clientId":"d396e477-d5b5-4f12-9742-9597f683edca","secret":"qP_~5341fvMF4.rptg2.J6i581a0b.ycHl"},"retryPolicy":{"type":"none"}}},"Initialize_variable_-_UPN":{"runAfter":{"HTTP":["Succeeded"]},"type":"InitializeVariable","inputs":{"variables":[{"name":"UPN","type":"string"}]}},"Initialize_variable_-_capabilityStatus":{"runAfter":{"Initialize_variable_-_UPN":["Succeeded"]},"type":"InitializeVariable","inputs":{"variables":[{"name":"capabilityStatus","type":"string"}]}},"Parse_JSON":{"runAfter":{"Initialize_variable_-_service":["Succeeded"]},"type":"ParseJson","inputs":{"content":"@body('HTTP')","schema":{"type":"object","properties":{"@@odata.context":{"type":"string"},"value":{"type":"array","items":{"type":"object","properties":{"userPrincipalName":{"type":"string"},"assignedPlans":{"type":"array","items":{"type":"object","properties":{"assignedDateTime":{"type":"string"},"capabilityStatus":{"type":"string"},"service":{"type":"string"},"servicePlanId":{"type":"string"}},"required":["assignedDateTime","capabilityStatus","service","servicePlanId"]}}},"required":["userPrincipalName","assignedPlans"]}}}}}},"Apply_to_each":{"foreach":"@body('Parse_JSON')?['value']","actions":{"Apply_to_each_2":{"foreach":"@items('Apply_to_each')['assignedPlans']","actions":{"Set_variable_-_capabilityStatus":{"runAfter":{},"type":"SetVariable","inputs":{"name":"capabilityStatus","value":"@items('Apply_to_each_2')?['capabilityStatus']"}},"Set_variable_-_service":{"runAfter":{"Set_variable_-_capabilityStatus":["Succeeded"]},"type":"SetVariable","inputs":{"name":"service","value":"@items('Apply_to_each_2')?['service']"}},"Set_variable_-_UPN":{"runAfter":{"Set_variable_-_service":["Succeeded"]},"type":"SetVariable","inputs":{"name":"UPN","value":"@items('Apply_to_each')?['userPrincipalName']"}},"Send_Data":{"runAfter":{"Set_variable_-_UPN":["Succeeded"]},"type":"OpenApiConnection","inputs":{"host":{"apiId":"/providers/Microsoft.PowerApps/apis/shared_azureloganalyticsdatacollector","connectionName":"shared_azureloganalyticsdatacollector","operationId":"SendData"},"parameters":{"body":"{\n     \"UPN\":\"@{variables('UPN')}\",\n     \"capabilityStatus\":\"@{variables('capabilityStatus')}\",\n     \"service\":\"@{variables('service')}\"\n}","Log-Type":"assignplans"},"authentication":"@parameters('$authentication')"}}},"runAfter":{},"type":"Foreach"}},"runAfter":{"Parse_JSON":["Succeeded"]},"type":"Foreach"},"Initialize_variable_-_service":{"runAfter":{"Initialize_variable_-_capabilityStatus":["Succeeded"]},"type":"InitializeVariable","inputs":{"variables":[{"name":"service","type":"string"}]}}}},"connectionReferences":{"shared_azureloganalyticsdatacollector":{"connectionName":"shared-azureloganaly-11273a60-c2de-4d1d-a3fb-c1cf-d703363e","source":"Embedded","id":"/providers/Microsoft.PowerApps/apis/shared_azureloganalyticsdatacollector","tier":"NotSpecified"}},"flowFailureAlertSubscribed":false}}