{"name":"fa25e7e0-33fc-430e-a8a2-b9a86a1d5ee8","id":"/providers/Microsoft.Flow/flows/fa25e7e0-33fc-430e-a8a2-b9a86a1d5ee8","type":"Microsoft.Flow/flows","properties":{"apiId":"/providers/Microsoft.PowerApps/apis/shared_logicflows","displayName":"Scheduled - License Report","definition":{"metadata":{"workflowEntityId":null,"processAdvisorMetadata":null,"flowclientsuspensionreason":"None","flowclientsuspensiontime":null,"creator":{"id":"b525e4e5-cc91-48e8-9150-ac27396a3573","type":"User","tenantId":"654273de-84ba-4bfe-aa09-b82c920e05e8"},"provisioningMethod":"FromDefinition","failureAlertSubscription":true,"clientLastModifiedTime":"2021-05-19T16:26:02.4699182Z"},"$schema":"https://schema.management.azure.com/providers/Microsoft.Logic/schemas/2016-06-01/workflowdefinition.json#","contentVersion":"1.0.0.0","parameters":{"$connections":{"defaultValue":{},"type":"Object"},"$authentication":{"defaultValue":{},"type":"SecureObject"}},"triggers":{"Recurrence":{"recurrence":{"frequency":"Day","interval":1,"startTime":"2021-05-19T14:00:00.000Z"},"type":"Recurrence"}},"actions":{"HTTP":{"runAfter":{},"type":"Http","inputs":{"method":"GET","uri":"https://graph.microsoft.com/v1.0/subscribedSkus","authentication":{"type":"ActiveDirectoryOAuth","tenant":"654273de-84ba-4bfe-aa09-b82c920e05e8","audience":"https://graph.microsoft.com","clientId":"d396e477-d5b5-4f12-9742-9597f683edca","secret":"raYq34~9Q3WTWZwwiX3u5O8-ga9dDM.3.~"}}},"Parse_JSON":{"runAfter":{"HTTP":["Succeeded"]},"type":"ParseJson","inputs":{"content":"@body('HTTP')","schema":{"type":"object","properties":{"@@odata.context":{"type":"string"},"value":{"type":"array","items":{"type":"object","properties":{"capabilityStatus":{"type":"string"},"consumedUnits":{"type":"integer"},"id":{"type":"string"},"prepaidUnits":{"type":"object","properties":{"enabled":{"type":"integer"},"suspended":{"type":"integer"},"warning":{"type":"integer"}}},"servicePlans":{"type":"array","items":{"type":"object","properties":{"servicePlanId":{"type":"string"},"servicePlanName":{"type":"string"},"provisioningStatus":{"type":"string"},"appliesTo":{"type":"string"}},"required":["servicePlanId","servicePlanName","provisioningStatus","appliesTo"]}},"skuId":{"type":"string"},"skuPartNumber":{"type":"string"},"appliesTo":{"type":"string"}},"required":["capabilityStatus","consumedUnits","id","prepaidUnits","servicePlans","skuId","skuPartNumber","appliesTo"]}}}}}},"Filter_array":{"runAfter":{"Parse_JSON":["Succeeded"]},"type":"Query","inputs":{"from":"@body('Parse_JSON')?['value']","where":"@greater(item()?['prepaidUnits']?['enabled'], 1)"}},"Active_Licenses":{"runAfter":{"Filter_array":["Succeeded"]},"type":"InitializeVariable","inputs":{"variables":[{"name":"ActiveLicense","type":"float"}]}},"Total_Licenses":{"runAfter":{"Active_Licenses":["Succeeded"]},"type":"InitializeVariable","inputs":{"variables":[{"name":"TotalLicense","type":"float"}]}},"Percentage":{"runAfter":{"Total_Licenses":["Succeeded"]},"type":"InitializeVariable","inputs":{"variables":[{"name":"Percentage","type":"float"}]}},"Apply_to_each":{"foreach":"@body('Filter_array')","actions":{"Total":{"runAfter":{},"type":"SetVariable","inputs":{"name":"TotalLicense","value":"@items('Apply_to_each')?['prepaidUnits']?['enabled']"}},"Active":{"runAfter":{"Total":["Succeeded"]},"type":"SetVariable","inputs":{"name":"ActiveLicense","value":"@items('Apply_to_each')?['consumedUnits']"}},"Condition":{"actions":{"Send_an_email_notification_(V3)":{"runAfter":{},"type":"OpenApiConnection","inputs":{"host":{"apiId":"/providers/Microsoft.PowerApps/apis/shared_sendmail","connectionName":"shared_sendmail","operationId":"SendEmailV3"},"parameters":{"request/to":"Testing@reply.com","request/subject":"License threshold is reached for @{items('Apply_to_each')?['skuPartNumber']}","request/text":"<p>Hello everyone,<br>\n<br>\nMattAzureLabs is running out of liceneses for @{items('Apply_to_each')?['skuPartNumber']}<br>\nHere's an overview of the current licenses for this product:<br>\n<br>\nTotal Licenses: @{variables('TotalLicense')}<br>\nIn Use: @{variables('ActiveLicense')}<br>\n<br>\n@{variables('Percentage')}% of licenses are in use right now.</p>"},"authentication":"@parameters('$authentication')"}}},"runAfter":{"Calculate_percentage_in_use":["Succeeded"]},"expression":{"greaterOrEquals":["@variables('Percentage')",10]},"type":"If"},"Calculate_percentage_in_use":{"runAfter":{"Active":["Succeeded"]},"type":"SetVariable","inputs":{"name":"Percentage","value":"@mul(div(variables('ActiveLicense'),variables('TotalLicense')),100)"}}},"runAfter":{"Percentage":["Succeeded"]},"type":"Foreach"}}},"connectionReferences":{"shared_sendmail":{"connectionName":"63609c63bf124150ae72ae047a1128e9","source":"Embedded","id":"/providers/Microsoft.PowerApps/apis/shared_sendmail","tier":"NotSpecified"}},"flowFailureAlertSubscribed":false}}