"Product","Category","Setting","Scope","Status","Current","Expected","Recommendation","Reference"
"Defender for Cloud","Defender plans","Plan: CloudPosture","Subscription 25494f31-7844-41be-adea-878e396905ad","Red","Free","Standard","Turn on the CloudPosture plan in Defender for Cloud > Environment settings > Defender plans.",""
"Defender for Cloud","Defender plans","Plan: VirtualMachines","Subscription 25494f31-7844-41be-adea-878e396905ad","Green","Standard (P2)","Standard","No action required.",""
"Defender for Cloud","Defender plans","Plan: StorageAccounts","Subscription 25494f31-7844-41be-adea-878e396905ad","Green","Standard (DefenderForStorageV2)","Standard","No action required.",""
"Defender for Cloud","Defender plans","Plan: SqlServers","Subscription 25494f31-7844-41be-adea-878e396905ad","Red","Free","Standard","Turn on the SqlServers plan in Defender for Cloud > Environment settings > Defender plans.",""
"Defender for Cloud","Defender plans","Plan: SqlServerVirtualMachines","Subscription 25494f31-7844-41be-adea-878e396905ad","Red","Free","Standard","Turn on the SqlServerVirtualMachines plan in Defender for Cloud > Environment settings > Defender plans.",""
"Defender for Cloud","Defender plans","Plan: KeyVaults","Subscription 25494f31-7844-41be-adea-878e396905ad","Red","Free","Standard","Turn on the KeyVaults plan in Defender for Cloud > Environment settings > Defender plans.",""
"Defender for Cloud","Defender plans","Plan: Dns","Subscription 25494f31-7844-41be-adea-878e396905ad","Red","Free","Standard","Turn on the Dns plan in Defender for Cloud > Environment settings > Defender plans.",""
"Defender for Cloud","Defender plans","Plan: Arm","Subscription 25494f31-7844-41be-adea-878e396905ad","Red","Free","Standard","Turn on the Arm plan in Defender for Cloud > Environment settings > Defender plans.",""
"Defender for Cloud","Defender plans","Plan: Containers","Subscription 25494f31-7844-41be-adea-878e396905ad","Green","Standard","Standard","No action required.",""
"Defender for Cloud","Defender plans","Plan: OpenSourceRelationalDatabases","Subscription 25494f31-7844-41be-adea-878e396905ad","Red","Free","Standard","Turn on the OpenSourceRelationalDatabases plan in Defender for Cloud > Environment settings > Defender plans.",""
"Defender for Cloud","Defender plans","Plan: CosmosDbs","Subscription 25494f31-7844-41be-adea-878e396905ad","Green","Standard","Standard","No action required.",""
"Defender for Cloud","Defender plans","Plan: AppServices","Subscription 25494f31-7844-41be-adea-878e396905ad","Red","Free","Standard","Turn on the AppServices plan in Defender for Cloud > Environment settings > Defender plans.",""
"Defender for Cloud","Defender plans","Plan: Api","Subscription 25494f31-7844-41be-adea-878e396905ad","Red","Free","Standard","Turn on the Api plan in Defender for Cloud > Environment settings > Defender plans.",""
"Defender for Cloud","Notifications","Security contact configured","Subscription 25494f31-7844-41be-adea-878e396905ad","Gray","Could not read security contacts","At least one contact with alert notifications on","Check permissions on Microsoft.Security/securityContacts.",""
"Defender for Cloud","Integrations","Defender for Cloud Apps integration","Subscription 25494f31-7844-41be-adea-878e396905ad","Green","Enabled = True","Enabled","Enable under Defender for Cloud > Environment settings > Integrations so signals flow into the XDR portal.",""
"Defender for Cloud","Integrations","Defender for Endpoint integration","Subscription 25494f31-7844-41be-adea-878e396905ad","Green","Enabled = True","Enabled","Enable under Defender for Cloud > Environment settings > Integrations so signals flow into the XDR portal.",""
"Defender for Cloud","Integrations","MDE Linux onboarding","Subscription 25494f31-7844-41be-adea-878e396905ad","Red","Enabled = False","Enabled","Enable under Defender for Cloud > Environment settings > Integrations so signals flow into the XDR portal.",""
"Defender for Cloud","Integrations","WDATP_UNIFIED_SOLUTION","Subscription 25494f31-7844-41be-adea-878e396905ad","Green","Enabled = True","Enabled","Enable under Defender for Cloud > Environment settings > Integrations so signals flow into the XDR portal.",""
"Defender for Cloud","Integrations","Microsoft Sentinel integration","Subscription 25494f31-7844-41be-adea-878e396905ad","Red","Enabled = False","Enabled","Enable under Defender for Cloud > Environment settings > Integrations so signals flow into the XDR portal.",""
"Defender for Cloud","Auto-provisioning","Auto-provisioning: default","Subscription 25494f31-7844-41be-adea-878e396905ad","Red","Off","On","Turn on auto-provisioning so newly created resources are monitored without manual onboarding.",""
"Defender for Cloud","Posture","Secure score","Subscription 25494f31-7844-41be-adea-878e396905ad","Yellow","66.7%",">= 80%","Work the highest-value recommendations in Defender for Cloud > Recommendations to raise the score.",""
"Defender for Endpoint","Defender antivirus","Check signatures before scan","","Green","device_vendor_msft_policy_config_defender_checkforsignaturesbeforerunningscan_1","Enabled","No action required.",""
"Defender for Endpoint","Defender antivirus","Network protection","","Green","device_vendor_msft_policy_config_defender_enablenetworkprotection_1","Block (enabled)","No action required.",""
"Defender for Endpoint","Defender antivirus","Tamper protection","","Red","Not configured in any settings-catalog policy","Enabled","Configure ""Tamper protection"" in an Intune > Endpoint security > Antivirus policy.",""
"Defender for Endpoint","Defender antivirus","Script scanning","","Green","device_vendor_msft_policy_config_defender_allowscriptscanning_1","Enabled","No action required.",""
"Defender for Endpoint","Defender antivirus","Cloud-delivered protection (MAPS)","","Green","device_vendor_msft_policy_config_defender_allowcloudprotection_1","Enabled","No action required.",""
"Defender for Endpoint","Defender antivirus","Disable local admin merge","","Red","Not configured in any settings-catalog policy","Enabled","Configure ""Disable local admin merge"" in an Intune > Endpoint security > Antivirus policy.",""
"Defender for Endpoint","Defender antivirus","Potentially unwanted app (PUA) protection","","Green","device_vendor_msft_policy_config_defender_puaprotection_1","Block (enabled)","No action required.",""
"Defender for Endpoint","Defender antivirus","On-access protection","","Green","device_vendor_msft_policy_config_defender_allowonaccessprotection_1","Enabled","No action required.",""
"Defender for Endpoint","Defender antivirus","Real-time protection","","Green","device_vendor_msft_policy_config_defender_allowrealtimemonitoring_1","Enabled","No action required.",""
"Defender for Endpoint","Defender antivirus","Scan downloaded files and attachments","","Green","device_vendor_msft_policy_config_defender_allowioavprotection_1","Enabled","No action required.",""
"Defender for Endpoint","Defender antivirus","Behaviour monitoring","","Green","device_vendor_msft_policy_config_defender_allowbehaviormonitoring_1","Enabled","No action required.",""
"Defender for Endpoint","Attack surface reduction","Block all Office applications from creating child processes","","Green","device_vendor_msft_policy_config_defender_attacksurfacereductionrules_blockallofficeapplicationsfromcreatingchildprocesses_block","Block","No action required.",""
"Defender for Endpoint","Attack surface reduction","Block Office applications from creating executable content","","Green","device_vendor_msft_policy_config_defender_attacksurfacereductionrules_blockofficeapplicationsfromcreatingexecutablecontent_block","Block","No action required.",""
"Defender for Endpoint","Attack surface reduction","Block Office applications from injecting code into other processes","","Green","device_vendor_msft_policy_config_defender_attacksurfacereductionrules_blockofficeapplicationsfrominjectingcodeintootherprocesses_block","Block","No action required.",""
"Defender for Endpoint","Attack surface reduction","Block execution of potentially obfuscated scripts","","Green","device_vendor_msft_policy_config_defender_attacksurfacereductionrules_blockexecutionofpotentiallyobfuscatedscripts_block","Block","No action required.",""
"Defender for Endpoint","Attack surface reduction","Block JavaScript or VBScript from launching downloaded executable content","","Green","device_vendor_msft_policy_config_defender_attacksurfacereductionrules_blockjavascriptorvbscriptfromlaunchingdownloadedexecutablecontent_block","Block","No action required.",""
"Defender for Endpoint","Attack surface reduction","Block executable content from email client and webmail","","Green","device_vendor_msft_policy_config_defender_attacksurfacereductionrules_blockexecutablecontentfromemailclientandwebmail_block","Block","No action required.",""
"Defender for Endpoint","Attack surface reduction","Block Win32 API calls from Office macros","","Green","device_vendor_msft_policy_config_defender_attacksurfacereductionrules_blockwin32apicallsfromofficemacros_block","Block","No action required.",""
"Defender for Endpoint","Attack surface reduction","Block executable files unless they meet prevalence/age/trusted-list criteria","","Green","device_vendor_msft_policy_config_defender_attacksurfacereductionrules_blockexecutablefilesrunningunlesstheymeetprevalenceagetrustedlistcriterion_block","Block","No action required.",""
"Defender for Endpoint","Attack surface reduction","Use advanced protection against ransomware","","Green","device_vendor_msft_policy_config_defender_attacksurfacereductionrules_useadvancedprotectionagainstransomware_block","Block","No action required.",""
"Defender for Endpoint","Attack surface reduction","Block credential stealing from LSASS","","Green","device_vendor_msft_policy_config_defender_attacksurfacereductionrules_blockcredentialstealingfromwindowslocalsecurityauthoritysubsystem_block","Block","No action required.",""
"Defender for Endpoint","Attack surface reduction","Block process creations from PSExec and WMI commands","","Green","device_vendor_msft_policy_config_defender_attacksurfacereductionrules_blockprocesscreationsfrompsexecandwmicommands_block","Block","No action required.",""
"Defender for Endpoint","Attack surface reduction","Block untrusted and unsigned processes that run from USB","","Green","device_vendor_msft_policy_config_defender_attacksurfacereductionrules_blockuntrustedunsignedprocessesthatrunfromusb_block","Block","No action required.",""
"Defender for Endpoint","Attack surface reduction","Block Office communication app from creating child processes","","Green","device_vendor_msft_policy_config_defender_attacksurfacereductionrules_blockofficecommunicationappfromcreatingchildprocesses_block","Block","No action required.",""
"Defender for Endpoint","Attack surface reduction","Block Adobe Reader from creating child processes","","Green","device_vendor_msft_policy_config_defender_attacksurfacereductionrules_blockadobereaderfromcreatingchildprocesses_block","Block","No action required.",""
"Defender for Endpoint","Attack surface reduction","Block persistence through WMI event subscription","","Green","device_vendor_msft_policy_config_defender_attacksurfacereductionrules_blockpersistencethroughwmieventsubscription_block","Block","No action required.",""
"Defender for Endpoint","Attack surface reduction","Block abuse of exploited vulnerable signed drivers","","Green","device_vendor_msft_policy_config_defender_attacksurfacereductionrules_blockabuseofexploitedvulnerablesigneddrivers_block","Block","No action required.",""
"Defender for Endpoint","Attack surface reduction","Block rebooting machine in Safe Mode","","Green","device_vendor_msft_policy_config_defender_attacksurfacereductionrules_blockrebootingmachineinsafemode_block","Block","No action required.",""
"Defender for Endpoint","Attack surface reduction","Block use of copied or impersonated system tools","","Green","device_vendor_msft_policy_config_defender_attacksurfacereductionrules_blockuseofcopiedorimpersonatedsystemtools_block","Block","No action required.",""
"Defender for Endpoint","Attack surface reduction","Block Webshell creation for Servers","","Green","device_vendor_msft_policy_config_defender_attacksurfacereductionrules_blockwebshellcreationforservers_block","Block","No action required.",""
"Defender for Endpoint","Device posture","Onboarded device inventory","","Green","41 device(s) onboarded","All in-scope devices onboarded","Reconcile this count against your Intune / AD device inventory to find onboarding gaps.",""
"Defender for Endpoint","Device posture","Sensor health (Active)","","Yellow","38 of 41 devices Active","All devices Active","Investigate Inactive, ImpairedCommunications and NoSensorData devices under Devices > Health state.",""
"Defender for Endpoint","Device posture","Onboarding status","","Yellow","7 of 41 fully onboarded","All devices onboarded","Re-run onboarding on devices showing CanBeOnboarded or Unsupported.",""
"Defender for Endpoint","Device posture","Devices at Medium/High risk","","Yellow","1 of 41 devices","0 devices","Triage active incidents on these devices in the Defender portal and drive them back to Low risk.",""
"Defender for Endpoint","Device posture","Devices at Medium/High exposure","","Red","7 of 41 devices","0 devices","Work the Vulnerability Management recommendations to reduce exposure on these devices.",""
"Defender for Identity","Sensors","Sensor inventory","","Green","1 sensor(s) registered","A sensor on every DC, AD FS, AD CS and Entra Connect server","Reconcile this count against your domain controller list to confirm full coverage.",""
"Defender for Identity","Sensors","Sensor version currency","","Green","1 of 1 up to date","All sensors up to date","Update sensors flagged outdated, updateFailed or unreachable.",""
"Defender for Identity","Sensors","Sensor health status","","Green","1 of 1 healthy","All sensors healthy","Open each unhealthy sensor in the portal and resolve its health issues.",""
"Defender for Identity","Sensors","Sensor service running","","Green","1 of 1 running","All sensor services running","Restart or reinstall sensors reporting stopped, startFailure or disabled.",""
"Defender for Identity","Sensors","Delayed sensor updates","","Green","0 of 1 sensors have delayed updates enabled","Delayed updates on a small canary set only","Keep delayed updates on a handful of canary sensors. Every sensor delayed means the whole estate lags behind detections.",""
"Defender for Identity","Health","Open health issues","","Gray","Could not read /security/identities/healthIssues","No open health issues","Grant SecurityIdentitiesHealth.Read.All.",""
"Defender for Office 365","Preset policies","EOP preset security policy","","Green","Strict preset enabled","Standard or Strict enabled","No action required.",""
"Defender for Office 365","Preset policies","Defender for Office preset security policy","","Green","Strict preset enabled","Standard or Strict enabled","No action required.",""
"Defender for Office 365","Anti-phishing","Spoof intelligence","","Green","Enabled in 2 of 2 policies","Enabled in all policies","Turn on ""Spoof intelligence"" in every anti-phishing policy, or adopt the Standard/Strict preset.",""
"Defender for Office 365","Anti-phishing","Mailbox intelligence","","Green","Enabled in 2 of 2 policies","Enabled in all policies","Turn on ""Mailbox intelligence"" in every anti-phishing policy, or adopt the Standard/Strict preset.",""
"Defender for Office 365","Anti-phishing","Mailbox intelligence impersonation protection","","Yellow","Enabled in 1 of 2 policies","Enabled in all policies","Turn on ""Mailbox intelligence impersonation protection"" in every anti-phishing policy, or adopt the Standard/Strict preset.",""
"Defender for Office 365","Anti-phishing","User impersonation protection","","Yellow","Enabled in 1 of 2 policies","Enabled in all policies","Turn on ""User impersonation protection"" in every anti-phishing policy, or adopt the Standard/Strict preset.",""
"Defender for Office 365","Anti-phishing","Domain impersonation protection","","Yellow","Enabled in 1 of 2 policies","Enabled in all policies","Turn on ""Domain impersonation protection"" in every anti-phishing policy, or adopt the Standard/Strict preset.",""
"Defender for Office 365","Anti-phishing","Owned-domain impersonation protection","","Yellow","Enabled in 1 of 2 policies","Enabled in all policies","Turn on ""Owned-domain impersonation protection"" in every anti-phishing policy, or adopt the Standard/Strict preset.",""
"Defender for Office 365","Anti-phishing","First contact safety tip","","Yellow","Enabled in 1 of 2 policies","Enabled in all policies","Turn on ""First contact safety tip"" in every anti-phishing policy, or adopt the Standard/Strict preset.",""
"Defender for Office 365","Anti-phishing","Similar users safety tip","","Yellow","Enabled in 1 of 2 policies","Enabled in all policies","Turn on ""Similar users safety tip"" in every anti-phishing policy, or adopt the Standard/Strict preset.",""
"Defender for Office 365","Anti-phishing","Similar domains safety tip","","Yellow","Enabled in 1 of 2 policies","Enabled in all policies","Turn on ""Similar domains safety tip"" in every anti-phishing policy, or adopt the Standard/Strict preset.",""
"Defender for Office 365","Anti-phishing","Unusual characters safety tip","","Yellow","Enabled in 1 of 2 policies","Enabled in all policies","Turn on ""Unusual characters safety tip"" in every anti-phishing policy, or adopt the Standard/Strict preset.",""
"Defender for Office 365","Anti-phishing","Unauthenticated sender (question mark) indicator","","Green","Enabled in 2 of 2 policies","Enabled in all policies","Turn on ""Unauthenticated sender (question mark) indicator"" in every anti-phishing policy, or adopt the Standard/Strict preset.",""
"Defender for Office 365","Anti-phishing","Via tag indicator","","Green","Enabled in 2 of 2 policies","Enabled in all policies","Turn on ""Via tag indicator"" in every anti-phishing policy, or adopt the Standard/Strict preset.",""
"Defender for Office 365","Anti-phishing","Honor DMARC policy","","Green","Enabled in 2 of 2 policies","Enabled in all policies","Turn on ""Honor DMARC policy"" in every anti-phishing policy, or adopt the Standard/Strict preset.",""
"Defender for Office 365","Anti-phishing","Advanced phishing threshold","","Yellow","1 of 2 policies at level 2 or higher","Level 2 (Aggressive) or higher","Raise the advanced phishing threshold to at least 2. Strict preset uses 3.",""
"Defender for Office 365","Anti-phishing","Spoof detection action","","Yellow","Quarantine in 1, softer action in 1 of 2","Quarantine","Set ""Spoof detection action"" to Quarantine. Move-to-junk leaves the message reachable by the user.",""
"Defender for Office 365","Anti-phishing","Mailbox intelligence impersonation action","","Yellow","Quarantine in 1, softer action in 0 of 2","Quarantine","Set ""Mailbox intelligence impersonation action"" to Quarantine. Move-to-junk leaves the message reachable by the user.",""
"Defender for Office 365","Anti-phishing","User impersonation action","","Yellow","Quarantine in 1, softer action in 0 of 2","Quarantine","Set ""User impersonation action"" to Quarantine. Move-to-junk leaves the message reachable by the user.",""
"Defender for Office 365","Anti-phishing","Domain impersonation action","","Yellow","Quarantine in 1, softer action in 0 of 2","Quarantine","Set ""Domain impersonation action"" to Quarantine. Move-to-junk leaves the message reachable by the user.",""
"Defender for Office 365","Anti-phishing","DMARC p=reject action","","Green","Reject in 2 of 2 policies","Reject","Honour the sending domain's published DMARC policy by setting the reject action to Reject.",""
"Defender for Office 365","Anti-phishing","DMARC p=quarantine action","","Green","Quarantine in 2 of 2 policies","Quarantine","Set the DMARC quarantine action to Quarantine rather than junk.",""
"Defender for Office 365","Safe Links","Safe Links for email","","Green","Compliant in 2 of 2 policies","EnableSafeLinksForEmail = True","Set ""Safe Links for email"" correctly in every Safe Links policy, or adopt the Standard/Strict preset.",""
"Defender for Office 365","Safe Links","Safe Links for Teams","","Green","Compliant in 2 of 2 policies","EnableSafeLinksForTeams = True","Set ""Safe Links for Teams"" correctly in every Safe Links policy, or adopt the Standard/Strict preset.",""
"Defender for Office 365","Safe Links","Safe Links for Office 365 apps","","Green","Compliant in 2 of 2 policies","EnableSafeLinksForOffice = True","Set ""Safe Links for Office 365 apps"" correctly in every Safe Links policy, or adopt the Standard/Strict preset.",""
"Defender for Office 365","Safe Links","Real-time URL scanning","","Green","Compliant in 2 of 2 policies","ScanUrls = True","Set ""Real-time URL scanning"" correctly in every Safe Links policy, or adopt the Standard/Strict preset.",""
"Defender for Office 365","Safe Links","Wait for scan before delivery","","Green","Compliant in 2 of 2 policies","DeliverMessageAfterScan = True","Set ""Wait for scan before delivery"" correctly in every Safe Links policy, or adopt the Standard/Strict preset.",""
"Defender for Office 365","Safe Links","Apply to internal senders","","Yellow","Compliant in 1 of 2 policies","EnableForInternalSenders = True","Set ""Apply to internal senders"" correctly in every Safe Links policy, or adopt the Standard/Strict preset.",""
"Defender for Office 365","Safe Links","Track user clicks","","Green","Compliant in 2 of 2 policies","TrackClicks = True","Set ""Track user clicks"" correctly in every Safe Links policy, or adopt the Standard/Strict preset.",""
"Defender for Office 365","Safe Links","Block user click-through","","Yellow","Compliant in 1 of 2 policies","AllowClickThrough = False","Set ""Block user click-through"" correctly in every Safe Links policy, or adopt the Standard/Strict preset.",""
"Defender for Office 365","Safe Links","URL rewriting enabled","","Yellow","Compliant in 1 of 2 policies","DisableUrlRewrite = False","Set ""URL rewriting enabled"" correctly in every Safe Links policy, or adopt the Standard/Strict preset.",""
"Defender for Office 365","Safe Attachments","Safe Attachments enabled","","Green","Enabled in 2 of 2 policies","Enabled in all policies","Enable Safe Attachments in every policy.",""
"Defender for Office 365","Safe Attachments","Unknown malware response","","Green","Block in all policies","Block","Set the Safe Attachments action to Block. Allow/monitor-only delivers unscanned malware to the mailbox.",""
"Defender for Office 365","Safe Attachments","SharePoint / OneDrive / Teams protection","","Green","EnableATPForSPOTeamsODB = True","True","Enable Safe Attachments for SharePoint, OneDrive and Teams to catch malware stored in files.",""
"Defender for Office 365","Safe Attachments","Safe Documents","","Green","EnableSafeDocs = True","True","Enable Safe Documents so files opened in Protected View are scanned before trust is granted.",""
"Defender for Office 365","Safe Attachments","Block Safe Docs click-through","","Green","AllowSafeDocsOpen = False","False","Set AllowSafeDocsOpen to False so users cannot leave Protected View on a malicious file.",""
"Defender for Office 365","Anti-malware","Common attachment filter","","Green","Enabled in 2 of 2 policies","Enabled in all policies","Enable the common attachment filter to block executable file types outright.",""
"Defender for Office 365","Anti-malware","Malware zero-hour auto purge (ZAP)","","Green","Enabled in 2 of 2 policies","Enabled in all policies","Enable malware ZAP so already-delivered malicious mail is retracted.",""
"Defender for Office 365","Anti-malware","Quarantine policy assigned","","Green","Quarantine policy set in 2 of 2 policies","Quarantine policy assigned in all policies","Assign an explicit quarantine policy so end-user release and notification behaviour is deliberate.",""
"Defender for Office 365","Anti-spam (inbound)","Spam verdict action","","Yellow","Quarantine in 1, junk folder in 1 of 2","Quarantine","Set ""Spam verdict action"" to Quarantine so the message is never reachable from the mailbox.",""
"Defender for Office 365","Anti-spam (inbound)","High-confidence spam action","","Yellow","Quarantine in 1, junk folder in 1 of 2","Quarantine","Set ""High-confidence spam action"" to Quarantine so the message is never reachable from the mailbox.",""
"Defender for Office 365","Anti-spam (inbound)","Phishing verdict action","","Yellow","Quarantine in 1, junk folder in 1 of 2","Quarantine","Set ""Phishing verdict action"" to Quarantine so the message is never reachable from the mailbox.",""
"Defender for Office 365","Anti-spam (inbound)","High-confidence phishing action","","Green","Quarantine in all policies","Quarantine","Set ""High-confidence phishing action"" to Quarantine so the message is never reachable from the mailbox.",""
"Defender for Office 365","Anti-spam (inbound)","Bulk mail action","","Yellow","Quarantine in 1, junk folder in 1 of 2","Quarantine","Junk folder is acceptable for bulk mail. Quarantine only if your users tolerate it.",""
"Defender for Office 365","Anti-spam (inbound)","Bulk complaint level threshold","","Yellow","1 of 2 policies at BCL 6 or lower","BCL 6 or lower","Standard preset uses BCL 6, Strict uses 5. Higher values let more bulk mail through.",""
"Defender for Office 365","Anti-spam (inbound)","Spam ZAP","","Green","Enabled in 2 of 2 policies","Enabled in all policies","Enable ZAP so mail that turns out to be malicious after delivery is pulled back.",""
"Defender for Office 365","Anti-spam (inbound)","Phishing ZAP","","Green","Enabled in 2 of 2 policies","Enabled in all policies","Enable ZAP so mail that turns out to be malicious after delivery is pulled back.",""
"Defender for Office 365","Anti-spam (inbound)","Quarantine retention period","","Yellow","1 of 2 policies retain for 30 days","30 days","Set quarantine retention to the 30-day maximum so investigations are not blocked by expiry.",""
"Defender for Office 365","Anti-spam (inbound)","Inline safety tips","","Green","Enabled in 2 of 2 policies","Enabled in all policies","Keep inline safety tips on - they are a cheap and effective user cue.",""
"Defender for Office 365","Anti-spam (outbound)","External automatic forwarding","","Yellow","Off in 0, Automatic in 1 of 1","Off","Set AutoForwardingMode to Off. External auto-forward is the standard exfiltration path after a mailbox compromise.",""
"Defender for Office 365","Anti-spam (outbound)","Outbound spam notification recipients","","Red","Recipients set in 0 of 1 policies","Set in all policies","Add a security distribution list so the SOC hears about outbound spam before the recipient domain blocks you.",""
"Defender for Office 365","Anti-spam (outbound)","Action when send limit is reached","","Green","Blocks the user in 1 of 1 policies","Restrict the user from sending mail","Set the threshold action to restrict the user so a compromised mailbox stops sending immediately.",""
"Defender for Office 365","Tenant hygiene","Mailbox auditing","","Green","AuditDisabled = False","AuditDisabled = False","Keep mailbox auditing on. Without it you lose the forensic record after a BEC incident.",""
"Defender for Office 365","Tenant hygiene","DKIM signing","","Gray","Could not read DKIM configuration","Enabled on all sending domains","Verify Exchange Online read permissions.",""
"Defender for Cloud Apps","Cloud Discovery","Discovery data streams","","Green","2 stream(s) present","At least one continuous stream","No action required.",""
"Defender for Cloud Apps","Cloud Discovery","Defender for Endpoint discovery integration","","Green","Endpoint-sourced stream present","Endpoint-sourced discovery stream present","Turn on the MDE integration in Settings > Cloud Apps > Microsoft Defender for Endpoint so roaming devices are covered without a log collector.",""
"Defender for Cloud Apps","App control","Conditional Access App Control","","Green","1 enabled MDA session policy(ies)","At least one enabled session policy routing apps through MDA","Create a Conditional Access policy with a Conditional Access App Control session control, then move it from report-only to enabled.",""
"Defender for Cloud Apps","App control","Conditional Access enforcement posture","","Green","0 of 5 CA policies are report-only","Core policies enforced, not report-only","Report-only policies generate signal but block nothing. Promote validated policies to enabled.",""
"Defender for Cloud Apps","Policy coverage","MDA policy inventory","","Gray","MDA API token not supplied","Anomaly detection, file and activity policies in place","Re-run with -MdaPortalUrl and -MdaApiToken to grade MDA policies, or review Policies in the Defender portal.",""
"Microsoft Purview","Audit","Unified audit log ingestion","","Red","UnifiedAuditLogIngestionEnabled = False","True","Turn auditing on in the Purview portal, or run Set-AdminAuditLogConfig -UnifiedAuditLogIngestionEnabled $true. Without it there is no forensic record to investigate.",""
"Microsoft Purview","Audit","Custom audit retention policy","","Gray","Could not read audit retention policies","At least one policy retaining high-value activity beyond the default","Verify the account holds an audit read role.",""
"Microsoft Purview","Data loss prevention","DLP policy enforcement mode","","Yellow","3 enforced, 1 in simulation, 0 disabled (of 4)","Mode = Enable","Policies left in TestWithNotifications or TestWithoutNotifications detect but never block. Review simulation results, then switch Mode to Enable.",""
"Microsoft Purview","DLP policy detail","Policy: Default DLP policy - Protect sensitive M365 Copilot interactions","","Yellow","Mode = TestWithNotifications","Enable","Move validated policies out of simulation into Enable so the configured actions take effect.",""
"Microsoft Purview","DLP policy detail","Policy: Default Office 365 DLP policy","","Green","Mode = Enable","Enable","Move validated policies out of simulation into Enable so the configured actions take effect.",""
"Microsoft Purview","DLP policy detail","Policy: Default policy for Teams","","Green","Mode = Enable","Enable","Move validated policies out of simulation into Enable so the configured actions take effect.",""
"Microsoft Purview","DLP policy detail","Policy: Default policy for devices","","Green","Mode = Enable","Enable","Move validated policies out of simulation into Enable so the configured actions take effect.",""
"Microsoft Purview","DLP coverage","DLP coverage: Exchange Online","","Green","Covered by 1 of 4 policies","At least one policy covering this location","Add Exchange Online as a location to a DLP policy, otherwise sensitive data can leave through that channel unchecked.",""
"Microsoft Purview","DLP coverage","DLP coverage: SharePoint Online","","Green","Covered by 1 of 4 policies","At least one policy covering this location","Add SharePoint Online as a location to a DLP policy, otherwise sensitive data can leave through that channel unchecked.",""
"Microsoft Purview","DLP coverage","DLP coverage: OneDrive for Business","","Green","Covered by 1 of 4 policies","At least one policy covering this location","Add OneDrive for Business as a location to a DLP policy, otherwise sensitive data can leave through that channel unchecked.",""
"Microsoft Purview","DLP coverage","DLP coverage: Teams chat and channel messages","","Green","Covered by 1 of 4 policies","At least one policy covering this location","Add Teams chat and channel messages as a location to a DLP policy, otherwise sensitive data can leave through that channel unchecked.",""
"Microsoft Purview","DLP coverage","DLP coverage: Endpoint DLP (devices)","","Green","Covered by 1 of 4 policies","At least one policy covering this location","Add Endpoint DLP (devices) as a location to a DLP policy, otherwise sensitive data can leave through that channel unchecked.",""
"Microsoft Purview","Data loss prevention","DLP rules with blocking action","","Yellow","0 blocking, 2 of 15 rules notify or alert only","At least one rule with BlockAccess enabled","Notify-only rules build awareness but stop nothing. Set BlockAccess on rules covering your highest-risk sensitive info types.",""
"Microsoft Purview","Data loss prevention","DLP incident reports","","Yellow","Incident report configured on 1 of 15 rules","Incident reports configured","Configure incident reports so DLP matches reach the SOC rather than sitting only in the Purview portal.",""
"Microsoft Purview","Data lifecycle","Retention policy inventory","","Gray","Could not read retention policies","At least one enforced retention policy","Confirm the account holds a retention management read role.",""
"Microsoft Purview","Retention labels","Retention label storage created","","Red","Label storage not created","Label storage created","Run Enable-ComplianceTagStorage once. Retention labels cannot be used until this one-time storage exists.",""
"Microsoft Purview","Retention labels","Retention label inventory","","Gray","Could not read retention labels","Retention labels defined and published","Verify retention read permissions.",""
"Microsoft Purview","Information protection","Sensitivity label inventory","","Green","12 of 12 labels enabled","Labels defined and enabled","Remove or re-enable disabled labels so the taxonomy users see matches what you intend.",""
"Microsoft Purview","Information protection","Labels applying encryption","","Yellow","0 of 12 labels apply encryption","Confidential tiers apply encryption","Labels that only apply a visual marking do not protect content outside your tenant. Add encryption to your confidential and highly-confidential tiers.",""
"Microsoft Purview","Information protection","Labels applying content marking","","Yellow","0 of 12 labels apply header, footer or watermark","Sensitive tiers apply visible marking","Visible markings are a cheap behavioural control and make mishandled documents obvious in screenshots and printouts.",""
"Microsoft Purview","Information protection","Automatic / recommended labelling","","Yellow","0 of 12 labels use automatic or recommended labelling","Auto-labelling configured for known sensitive info types","Manual-only labelling depends entirely on user diligence. Add auto-labelling conditions for your key sensitive info types.",""
"Microsoft Purview","Information protection","Sensitivity label publication","","Green","1 label policy(ies) published","At least one label policy published to users","Labels that are never published are invisible to users. Publish them to the relevant groups.",""
"Microsoft Purview","Information protection","Mandatory labelling","","Green","Mandatory labelling detected in 1 of 1 policies","Mandatory labelling enabled","Requiring a label on save or send is the single biggest driver of labelling coverage. Enable it once your taxonomy is stable.",""
"Microsoft Purview","Information protection","Default label configured","","Green","Default label set in 1 of 1 policies","Default label configured","A default label ensures new content starts classified rather than unlabelled.",""
"Microsoft Purview","Insider risk","Insider risk policies","","Gray","Could not read insider risk policies","At least one enabled policy","Confirm the account holds an Insider Risk Management role.",""
"Microsoft Purview","Communication compliance","Communication compliance policies","","Gray","Could not read communication compliance policies","At least one active policy","Confirm the account holds a Communication Compliance role.",""
